"","domain","phylum","class","order","family","genus","species"
"1","Bacteria","Firmicutes","Bacilli","Bacillales","Bacillaceae","Bacillus","unclassified_Bacillus"
"2","Bacteria","Firmicutes","Bacilli","Staphylococcales","Staphylococcaceae","Staphylococcus","unclassified_Staphylococcus"
"3","Bacteria","Firmicutes","Bacilli","Bacillales","Bacillaceae","Bacillus","unclassified_Bacillus"
"4","Bacteria","Firmicutes","Bacilli","Staphylococcales","Staphylococcaceae","Staphylococcus","unclassified_Staphylococcus"
"5","Bacteria","Firmicutes","Bacilli","Lactobacillales","Streptococcaceae","Lactococcus","unclassified_Lactococcus"
"6","Bacteria","Firmicutes","Bacilli","Lactobacillales","Enterococcaceae","Enterococcus","unclassified_Enterococcus"
"7","Bacteria","Firmicutes","Bacilli","Bacillales","Bacillaceae","Bacillus","unclassified_Bacillus"
"8","Bacteria","Firmicutes","Bacilli","Bacillales","Bacillaceae","Bacillus","unclassified_Bacillus"
"9","Bacteria","Firmicutes","Bacilli","Bacillales","Bacillaceae","Bacillus","unclassified_Bacillus"
"10","Bacteria","Firmicutes","Bacilli","Bacillales","Bacillaceae","Bacillus","unclassified_Bacillus"
"11","Bacteria","Firmicutes","Bacilli","Bacillales","Bacillaceae","Bacillus","unclassified_Bacillus"
"12","Bacteria","Firmicutes","Bacilli","Bacillales","Bacillaceae","Bacillus","unclassified_Bacillus"
"13","Bacteria","Firmicutes","Bacilli","Bacillales","Bacillaceae","Bacillus","unclassified_Bacillus"
"14","Bacteria","Firmicutes","Bacilli","Bacillales","Bacillaceae","Bacillus","unclassified_Bacillus"
"15","Bacteria","Firmicutes","Bacilli","Bacillales","Bacillaceae","Bacillus","unclassified_Bacillus"
"16","Bacteria","Firmicutes","Bacilli","Bacillales","Bacillaceae","Bacillus","unclassified_Bacillus"
"17","Bacteria","Firmicutes","Bacilli","Bacillales","Bacillaceae","Bacillus","unclassified_Bacillus"
"18","Bacteria","Firmicutes","Bacilli","Bacillales","Bacillaceae","Bacillus","unclassified_Bacillus"
"19","Bacteria","Firmicutes","Bacilli","Bacillales","Bacillaceae","Bacillus","unclassified_Bacillus"
"20","Bacteria","Firmicutes","Bacilli","Bacillales","Bacillaceae","Bacillus","unclassified_Bacillus"
"21","Bacteria","Firmicutes","Bacilli","Bacillales","Bacillaceae","Bacillus","unclassified_Bacillus"
"22","Bacteria","Firmicutes","Bacilli","Bacillales","Bacillaceae","Bacillus","unclassified_Bacillus"
"23","Bacteria","Firmicutes","Bacilli","Bacillales","Bacillaceae","Bacillus","unclassified_Bacillus"
"24","Bacteria","Firmicutes","Bacilli","Bacillales","Bacillaceae","Bacillus","unclassified_Bacillus"
"25","Bacteria","Firmicutes","Bacilli","Staphylococcales","Staphylococcaceae","Staphylococcus","unclassified_Staphylococcus"
"26","Bacteria","Actinobacteriota","Actinobacteria","Pseudonocardiales","Pseudonocardiaceae","Pseudonocardia","unclassified_Pseudonocardia"
"27","Bacteria","Actinobacteriota","Actinobacteria","Corynebacteriales","Corynebacteriaceae","Corynebacterium","unclassified_Corynebacterium"
"28","Bacteria","Firmicutes","Bacilli","Bacillales","Bacillaceae","Bacillus","unclassified_Bacillus"
"29","Bacteria","Actinobacteriota","Actinobacteria","Pseudonocardiales","Pseudonocardiaceae","Pseudonocardia","unclassified_Pseudonocardia"
"30","Bacteria","Firmicutes","Bacilli","Bacillales","Bacillaceae","Bacillus","unclassified_Bacillus"
"31","Bacteria","Proteobacteria","Alphaproteobacteria","Acetobacterales","Acetobacteraceae","Craurococcus-Caldovatus","unclassified_Craurococcus-Caldovatus"
"32","Bacteria","Firmicutes","Bacilli","Staphylococcales","Staphylococcaceae","Staphylococcus","unclassified_Staphylococcus"
"33","Bacteria","Firmicutes","Bacilli","Staphylococcales","Staphylococcaceae","Staphylococcus","unclassified_Staphylococcus"
"34","Bacteria","Firmicutes","Bacilli","Staphylococcales","Staphylococcaceae","Staphylococcus","unclassified_Staphylococcus"
"35","Bacteria","Firmicutes","Bacilli","Staphylococcales","Staphylococcaceae","Staphylococcus","unclassified_Staphylococcus"
"36","Bacteria","Firmicutes","Bacilli","Staphylococcales","Staphylococcaceae","Staphylococcus","unclassified_Staphylococcus"
"37","Bacteria","Firmicutes","Bacilli","Staphylococcales","Staphylococcaceae","Staphylococcus","unclassified_Staphylococcus"
"38","Bacteria","Campilobacterota","Campylobacteria","Campylobacterales","Campylobacteraceae","Campylobacter","unclassified_Campylobacter"
"39","Bacteria","Firmicutes","Bacilli","Staphylococcales","Staphylococcaceae","Staphylococcus","unclassified_Staphylococcus"
"40","Bacteria","Firmicutes","Bacilli","Staphylococcales","Staphylococcaceae","Staphylococcus","unclassified_Staphylococcus"
"41","Bacteria","Proteobacteria","Alphaproteobacteria","Acetobacterales","Acetobacteraceae","Craurococcus-Caldovatus","unclassified_Craurococcus-Caldovatus"
"42","Bacteria","Proteobacteria","Gammaproteobacteria","Alteromonadales","Alteromonadaceae","Rheinheimera","unclassified_Rheinheimera"
"43","Bacteria","Firmicutes","Bacilli","Staphylococcales","Staphylococcaceae","Staphylococcus","unclassified_Staphylococcus"
"44","Bacteria","Firmicutes","Bacilli","Bacillales","Bacillaceae","Bacillus","unclassified_Bacillus"
"45","Bacteria","Proteobacteria","Alphaproteobacteria","Acetobacterales","Acetobacteraceae","unclassified_Acetobacteraceae","unclassified_Acetobacteraceae"
"46","Bacteria","Actinobacteriota","Actinobacteria","Pseudonocardiales","Pseudonocardiaceae","Pseudonocardia","unclassified_Pseudonocardia"
"47","Bacteria","Firmicutes","Bacilli","Staphylococcales","Staphylococcaceae","Staphylococcus","unclassified_Staphylococcus"
"48","Bacteria","Actinobacteriota","Actinobacteria","Pseudonocardiales","Pseudonocardiaceae","Pseudonocardia","unclassified_Pseudonocardia"
"49","Bacteria","Proteobacteria","Alphaproteobacteria","Acetobacterales","Acetobacteraceae","Craurococcus-Caldovatus","unclassified_Craurococcus-Caldovatus"
"50","Bacteria","Actinobacteriota","Actinobacteria","Corynebacteriales","Corynebacteriaceae","Corynebacterium","unclassified_Corynebacterium"
"51","Bacteria","Proteobacteria","Alphaproteobacteria","Acetobacterales","Acetobacteraceae","Craurococcus-Caldovatus","unclassified_Craurococcus-Caldovatus"
"52","Bacteria","Actinobacteriota","Actinobacteria","Kineosporiales","Kineosporiaceae","unclassified_Kineosporiaceae","unclassified_Kineosporiaceae"
"53","Bacteria","Proteobacteria","Gammaproteobacteria","Pseudomonadales","Pseudomonadaceae","Pseudomonas","unclassified_Pseudomonas"
"54","Bacteria","Firmicutes","Bacilli","Bacillales","Bacillaceae","Bacillus","unclassified_Bacillus"
"55","Bacteria","Firmicutes","Bacilli","Bacillales","Bacillaceae","Bacillus","unclassified_Bacillus"
"56","Bacteria","Actinobacteriota","Actinobacteria","Frankiales","unclassified_Frankiales","unclassified_Frankiales","unclassified_Frankiales"
"57","Bacteria","Firmicutes","Bacilli","Bacillales","Bacillaceae","Bacillus","unclassified_Bacillus"
"58","Bacteria","Proteobacteria","Gammaproteobacteria","Burkholderiales","Comamonadaceae","Delftia","unclassified_Delftia"
"59","Bacteria","Actinobacteriota","Actinobacteria","Actinomycetales","Actinomycetaceae","Actinomyces","unclassified_Actinomyces"
"60","Bacteria","Proteobacteria","Gammaproteobacteria","Burkholderiales","unclassified_Burkholderiales","unclassified_Burkholderiales","unclassified_Burkholderiales"
"61","Bacteria","Firmicutes","Bacilli","Bacillales","Bacillaceae","Bacillus","unclassified_Bacillus"
"62","Bacteria","Firmicutes","Bacilli","Lactobacillales","Lactobacillaceae","Lactobacillus","unclassified_Lactobacillus"
"63","Bacteria","Proteobacteria","Alphaproteobacteria","Rhizobiales","Beijerinckiaceae","unclassified_Beijerinckiaceae","unclassified_Beijerinckiaceae"
"64","Bacteria","Proteobacteria","Gammaproteobacteria","Pseudomonadales","Pseudomonadaceae","Pseudomonas","unclassified_Pseudomonas"
"65","Bacteria","Proteobacteria","Alphaproteobacteria","Acetobacterales","Acetobacteraceae","unclassified_Acetobacteraceae","unclassified_Acetobacteraceae"
"66","Bacteria","Firmicutes","Bacilli","Bacillales","Bacillaceae","Bacillus","unclassified_Bacillus"
"67","Bacteria","Actinobacteriota","Actinobacteria","Frankiales","Geodermatophilaceae","Blastococcus","unclassified_Blastococcus"
"68","Bacteria","Firmicutes","Bacilli","Bacillales","Bacillaceae","Bacillus","unclassified_Bacillus"
"69","Bacteria","Proteobacteria","Alphaproteobacteria","Acetobacterales","Acetobacteraceae","unclassified_Acetobacteraceae","unclassified_Acetobacteraceae"
"70","Bacteria","Proteobacteria","Alphaproteobacteria","Acetobacterales","Acetobacteraceae","Craurococcus-Caldovatus","unclassified_Craurococcus-Caldovatus"
"71","Bacteria","Actinobacteriota","Actinobacteria","unclassified_Actinobacteria","unclassified_Actinobacteria","unclassified_Actinobacteria","unclassified_Actinobacteria"
"72","Bacteria","Gemmatimonadota","Gemmatimonadetes","Gemmatimonadales","Gemmatimonadaceae","Roseisolibacter","unclassified_Roseisolibacter"
"73","Bacteria","Proteobacteria","Alphaproteobacteria","Acetobacterales","Acetobacteraceae","unclassified_Acetobacteraceae","unclassified_Acetobacteraceae"
"74","Bacteria","Proteobacteria","Alphaproteobacteria","Rhizobiales","unclassified_Rhizobiales","unclassified_Rhizobiales","unclassified_Rhizobiales"
"75","Bacteria","Proteobacteria","Alphaproteobacteria","Rhizobiales","Beijerinckiaceae","unclassified_Beijerinckiaceae","unclassified_Beijerinckiaceae"
"76","Bacteria","Proteobacteria","Alphaproteobacteria","Rhizobiales","unclassified_Rhizobiales","unclassified_Rhizobiales","unclassified_Rhizobiales"
"77","Bacteria","Proteobacteria","Alphaproteobacteria","Rhizobiales","Xanthobacteraceae","unclassified_Xanthobacteraceae","unclassified_Xanthobacteraceae"
"78","Bacteria","Actinobacteriota","Actinobacteria","Frankiales","Geodermatophilaceae","Blastococcus","unclassified_Blastococcus"
"79","Bacteria","Actinobacteriota","Actinobacteria","Pseudonocardiales","Pseudonocardiaceae","Pseudonocardia","unclassified_Pseudonocardia"
"80","Bacteria","Proteobacteria","Alphaproteobacteria","Rhizobiales","unclassified_Rhizobiales","unclassified_Rhizobiales","unclassified_Rhizobiales"
"81","Bacteria","Actinobacteriota","Actinobacteria","Corynebacteriales","Corynebacteriaceae","Corynebacterium","unclassified_Corynebacterium"
"82","Bacteria","Proteobacteria","Alphaproteobacteria","Acetobacterales","Acetobacteraceae","unclassified_Acetobacteraceae","unclassified_Acetobacteraceae"
"83","Bacteria","Proteobacteria","Gammaproteobacteria","Burkholderiales","Comamonadaceae","unclassified_Comamonadaceae","unclassified_Comamonadaceae"
"84","Bacteria","Proteobacteria","Alphaproteobacteria","Acetobacterales","Acetobacteraceae","Craurococcus-Caldovatus","unclassified_Craurococcus-Caldovatus"
"85","Bacteria","Actinobacteriota","Actinobacteria","Micromonosporales","Micromonosporaceae","unclassified_Micromonosporaceae","unclassified_Micromonosporaceae"
"86","Bacteria","Proteobacteria","Alphaproteobacteria","Acetobacterales","Acetobacteraceae","Craurococcus-Caldovatus","unclassified_Craurococcus-Caldovatus"
"87","Bacteria","Acidobacteriota","Acidobacteriae","Bryobacterales","Bryobacteraceae","Bryobacter","unclassified_Bryobacter"
"88","Bacteria","Proteobacteria","Alphaproteobacteria","Acetobacterales","Acetobacteraceae","Craurococcus-Caldovatus","unclassified_Craurococcus-Caldovatus"
"89","Bacteria","Actinobacteriota","Actinobacteria","Pseudonocardiales","Pseudonocardiaceae","Pseudonocardia","unclassified_Pseudonocardia"
"90","Bacteria","Firmicutes","Bacilli","Lactobacillales","Streptococcaceae","Streptococcus","unclassified_Streptococcus"
"91","Bacteria","Actinobacteriota","Actinobacteria","Bifidobacteriales","Bifidobacteriaceae","Gardnerella","unclassified_Gardnerella"
"92","Bacteria","Proteobacteria","Alphaproteobacteria","Tistrellales","Geminicoccaceae","Geminicoccus","unclassified_Geminicoccus"
"93","Bacteria","Acidobacteriota","Acidobacteriae","unclassified_Acidobacteriae","unclassified_Acidobacteriae","unclassified_Acidobacteriae","unclassified_Acidobacteriae"
"94","Bacteria","Gemmatimonadota","Gemmatimonadetes","Gemmatimonadales","Gemmatimonadaceae","Roseisolibacter","unclassified_Roseisolibacter"
"95","Bacteria","Bacteroidota","Bacteroidia","Chitinophagales","Chitinophagaceae","Flavisolibacter","unclassified_Flavisolibacter"
"96","Bacteria","Proteobacteria","Alphaproteobacteria","Rhizobiales","unclassified_Rhizobiales","unclassified_Rhizobiales","unclassified_Rhizobiales"
"97","Bacteria","Proteobacteria","Gammaproteobacteria","Alteromonadales","Alteromonadaceae","Rheinheimera","unclassified_Rheinheimera"
"98","Bacteria","Proteobacteria","Gammaproteobacteria","Enterobacterales","Enterobacteriaceae","unclassified_Enterobacteriaceae","unclassified_Enterobacteriaceae"
"99","Bacteria","Bacteroidota","Bacteroidia","Bacteroidales","Dysgonomonadaceae","Dysgonomonas","unclassified_Dysgonomonas"
"100","Bacteria","Proteobacteria","Alphaproteobacteria","Acetobacterales","Acetobacteraceae","unclassified_Acetobacteraceae","unclassified_Acetobacteraceae"
"101","Bacteria","Proteobacteria","Alphaproteobacteria","Acetobacterales","Acetobacteraceae","Craurococcus-Caldovatus","unclassified_Craurococcus-Caldovatus"
"102","Bacteria","Actinobacteriota","Actinobacteria","Pseudonocardiales","Pseudonocardiaceae","Pseudonocardia","unclassified_Pseudonocardia"
"103","Bacteria","unclassified_Bacteria","unclassified_Bacteria","unclassified_Bacteria","unclassified_Bacteria","unclassified_Bacteria","unclassified_Bacteria"
"104","Bacteria","Proteobacteria","Gammaproteobacteria","Enterobacterales","Enterobacteriaceae","unclassified_Enterobacteriaceae","unclassified_Enterobacteriaceae"
"105","Bacteria","Bacteroidota","Bacteroidia","Chitinophagales","Chitinophagaceae","Segetibacter","unclassified_Segetibacter"
"106","Bacteria","Actinobacteriota","Actinobacteria","Propionibacteriales","Nocardioidaceae","unclassified_Nocardioidaceae","unclassified_Nocardioidaceae"
"107","Bacteria","Proteobacteria","Alphaproteobacteria","Acetobacterales","Acetobacteraceae","unclassified_Acetobacteraceae","unclassified_Acetobacteraceae"
"108","Bacteria","Proteobacteria","Alphaproteobacteria","Acetobacterales","Acetobacteraceae","Craurococcus-Caldovatus","unclassified_Craurococcus-Caldovatus"
"109","Bacteria","Actinobacteriota","Actinobacteria","Propionibacteriales","Nocardioidaceae","unclassified_Nocardioidaceae","unclassified_Nocardioidaceae"
"110","Bacteria","Proteobacteria","Alphaproteobacteria","Tistrellales","Geminicoccaceae","Candidatus Alysiosphaera","unclassified_Candidatus Alysiosphaera"
"111","Bacteria","Firmicutes","Bacilli","Bacillales","unclassified_Bacillales","unclassified_Bacillales","unclassified_Bacillales"
"112","Bacteria","Proteobacteria","Alphaproteobacteria","Tistrellales","Geminicoccaceae","Candidatus Alysiosphaera","unclassified_Candidatus Alysiosphaera"
"113","Bacteria","Firmicutes","Bacilli","Lactobacillales","Lactobacillaceae","Lactobacillus","unclassified_Lactobacillus"
"114","Bacteria","Actinobacteriota","Actinobacteria","unclassified_Actinobacteria","unclassified_Actinobacteria","unclassified_Actinobacteria","unclassified_Actinobacteria"
"115","Bacteria","Proteobacteria","Alphaproteobacteria","Acetobacterales","Acetobacteraceae","unclassified_Acetobacteraceae","unclassified_Acetobacteraceae"
"116","Bacteria","Actinobacteriota","Actinobacteria","Pseudonocardiales","Pseudonocardiaceae","Pseudonocardia","unclassified_Pseudonocardia"
"117","Bacteria","Firmicutes","Bacilli","Bacillales","Bacillaceae","unclassified_Bacillaceae","unclassified_Bacillaceae"
"118","Bacteria","Proteobacteria","Gammaproteobacteria","Pseudomonadales","Moraxellaceae","Moraxella","unclassified_Moraxella"
"119","Bacteria","Actinobacteriota","Actinobacteria","Frankiales","Frankiaceae","Jatrophihabitans","unclassified_Jatrophihabitans"
"120","Bacteria","Proteobacteria","Alphaproteobacteria","Acetobacterales","Acetobacteraceae","Acidiphilium","unclassified_Acidiphilium"
"121","Bacteria","Actinobacteriota","Actinobacteria","unclassified_Actinobacteria","unclassified_Actinobacteria","unclassified_Actinobacteria","unclassified_Actinobacteria"
"122","Bacteria","Firmicutes","Bacilli","Lactobacillales","Lactobacillaceae","Lactobacillus","unclassified_Lactobacillus"
"123","Bacteria","Proteobacteria","Alphaproteobacteria","Acetobacterales","Acetobacteraceae","Craurococcus-Caldovatus","unclassified_Craurococcus-Caldovatus"
"124","Bacteria","Gemmatimonadota","Gemmatimonadetes","Gemmatimonadales","Gemmatimonadaceae","Roseisolibacter","unclassified_Roseisolibacter"
"125","Bacteria","Firmicutes","Bacilli","Bacillales","Bacillaceae","Bacillus","unclassified_Bacillus"
"126","Bacteria","Actinobacteriota","Actinobacteria","Frankiales","unclassified_Frankiales","unclassified_Frankiales","unclassified_Frankiales"
"127","Bacteria","Proteobacteria","Alphaproteobacteria","Rhizobiales","Xanthobacteraceae","unclassified_Xanthobacteraceae","unclassified_Xanthobacteraceae"
"128","Bacteria","Firmicutes","Bacilli","Staphylococcales","Staphylococcaceae","Staphylococcus","unclassified_Staphylococcus"
"129","Bacteria","Actinobacteriota","Actinobacteria","unclassified_Actinobacteria","unclassified_Actinobacteria","unclassified_Actinobacteria","unclassified_Actinobacteria"
"130","Bacteria","Actinobacteriota","Thermoleophilia","Solirubrobacterales","Solirubrobacteraceae","unclassified_Solirubrobacteraceae","unclassified_Solirubrobacteraceae"
"131","Bacteria","Actinobacteriota","Actinobacteria","Frankiales","Geodermatophilaceae","Blastococcus","unclassified_Blastococcus"
"132","Bacteria","Firmicutes","Bacilli","unclassified_Bacilli","unclassified_Bacilli","unclassified_Bacilli","unclassified_Bacilli"
"133","Bacteria","Firmicutes","Bacilli","Staphylococcales","Staphylococcaceae","Staphylococcus","unclassified_Staphylococcus"
"134","Bacteria","Actinobacteriota","Actinobacteria","Micrococcales","Intrasporangiaceae","unclassified_Intrasporangiaceae","unclassified_Intrasporangiaceae"
"135","Bacteria","Proteobacteria","Alphaproteobacteria","Acetobacterales","Acetobacteraceae","unclassified_Acetobacteraceae","unclassified_Acetobacteraceae"
"136","Bacteria","Proteobacteria","Alphaproteobacteria","Rhizobiales","Beijerinckiaceae","Psychroglaciecola","unclassified_Psychroglaciecola"
"137","Bacteria","Actinobacteriota","Thermoleophilia","Solirubrobacterales","Solirubrobacteraceae","Solirubrobacter","unclassified_Solirubrobacter"
"138","Bacteria","Proteobacteria","Alphaproteobacteria","Acetobacterales","Acetobacteraceae","unclassified_Acetobacteraceae","unclassified_Acetobacteraceae"
"139","Bacteria","Firmicutes","Bacilli","Staphylococcales","Staphylococcaceae","Staphylococcus","unclassified_Staphylococcus"
"140","Bacteria","Actinobacteriota","Actinobacteria","Micrococcales","unclassified_Micrococcales","unclassified_Micrococcales","unclassified_Micrococcales"
"141","Bacteria","Proteobacteria","Alphaproteobacteria","Acetobacterales","Acetobacteraceae","Craurococcus-Caldovatus","unclassified_Craurococcus-Caldovatus"
"142","Bacteria","Firmicutes","Bacilli","Bacillales","unclassified_Bacillales","unclassified_Bacillales","unclassified_Bacillales"
"143","Bacteria","Actinobacteriota","Actinobacteria","Frankiales","Geodermatophilaceae","unclassified_Geodermatophilaceae","unclassified_Geodermatophilaceae"
"144","Bacteria","Proteobacteria","Alphaproteobacteria","Acetobacterales","Acetobacteraceae","Craurococcus-Caldovatus","unclassified_Craurococcus-Caldovatus"
"145","Bacteria","Actinobacteriota","Actinobacteria","Pseudonocardiales","Pseudonocardiaceae","Pseudonocardia","unclassified_Pseudonocardia"
"146","Bacteria","Proteobacteria","Gammaproteobacteria","Enterobacterales","Enterobacteriaceae","unclassified_Enterobacteriaceae","unclassified_Enterobacteriaceae"
"147","Bacteria","Firmicutes","Bacilli","unclassified_Bacilli","unclassified_Bacilli","unclassified_Bacilli","unclassified_Bacilli"
"148","Bacteria","Proteobacteria","Alphaproteobacteria","Rhizobiales","Beijerinckiaceae","unclassified_Beijerinckiaceae","unclassified_Beijerinckiaceae"
"149","Bacteria","Actinobacteriota","Thermoleophilia","Solirubrobacterales","Solirubrobacteraceae","Solirubrobacter","unclassified_Solirubrobacter"
"150","Bacteria","Firmicutes","Bacilli","Lactobacillales","Carnobacteriaceae","Granulicatella","unclassified_Granulicatella"
"151","Bacteria","Firmicutes","Clostridia","Peptostreptococcales-Tissierellales","unclassified_Peptostreptococcales-Tissierellales","Anaerococcus","unclassified_Anaerococcus"
"152","Bacteria","Firmicutes","Bacilli","Staphylococcales","Staphylococcaceae","Staphylococcus","unclassified_Staphylococcus"
"153","Bacteria","Actinobacteriota","Acidimicrobiia","unclassified_Acidimicrobiia","unclassified_Acidimicrobiia","unclassified_Acidimicrobiia","unclassified_Acidimicrobiia"
"154","Bacteria","Actinobacteriota","Actinobacteria","Frankiales","Frankiaceae","Jatrophihabitans","unclassified_Jatrophihabitans"
"155","Bacteria","Proteobacteria","Alphaproteobacteria","Acetobacterales","Acetobacteraceae","Craurococcus-Caldovatus","unclassified_Craurococcus-Caldovatus"
"156","Bacteria","Proteobacteria","Gammaproteobacteria","Xanthomonadales","Xanthomonadaceae","Stenotrophomonas","unclassified_Stenotrophomonas"
"157","Bacteria","Firmicutes","Bacilli","Staphylococcales","Staphylococcaceae","Staphylococcus","unclassified_Staphylococcus"
"158","Bacteria","Proteobacteria","Alphaproteobacteria","Acetobacterales","Acetobacteraceae","Acidiphilium","unclassified_Acidiphilium"
"159","Bacteria","Proteobacteria","Alphaproteobacteria","Acetobacterales","Acetobacteraceae","unclassified_Acetobacteraceae","unclassified_Acetobacteraceae"
"160","Bacteria","Actinobacteriota","Actinobacteria","Frankiales","Geodermatophilaceae","unclassified_Geodermatophilaceae","unclassified_Geodermatophilaceae"
"161","Bacteria","Proteobacteria","Alphaproteobacteria","Acetobacterales","Acetobacteraceae","unclassified_Acetobacteraceae","unclassified_Acetobacteraceae"
"162","Bacteria","Actinobacteriota","Actinobacteria","Frankiales","Geodermatophilaceae","Blastococcus","unclassified_Blastococcus"
"163","Bacteria","Actinobacteriota","Actinobacteria","Corynebacteriales","Corynebacteriaceae","Corynebacterium","unclassified_Corynebacterium"
"164","Bacteria","Actinobacteriota","Actinobacteria","Micrococcales","Micrococcaceae","Kocuria","unclassified_Kocuria"
"165","Bacteria","Proteobacteria","Gammaproteobacteria","Pseudomonadales","Moraxellaceae","Psychrobacter","unclassified_Psychrobacter"
"166","Bacteria","Fusobacteriota","Fusobacteriia","Fusobacteriales","Fusobacteriaceae","Fusobacterium","unclassified_Fusobacterium"
"167","Bacteria","Gemmatimonadota","Gemmatimonadetes","Gemmatimonadales","Gemmatimonadaceae","Roseisolibacter","unclassified_Roseisolibacter"
"168","Bacteria","Proteobacteria","Alphaproteobacteria","Acetobacterales","Acetobacteraceae","unclassified_Acetobacteraceae","unclassified_Acetobacteraceae"
"169","Bacteria","Actinobacteriota","Actinobacteria","Kineosporiales","Kineosporiaceae","unclassified_Kineosporiaceae","unclassified_Kineosporiaceae"
"170","Bacteria","Actinobacteriota","Actinobacteria","Micrococcales","Microbacteriaceae","unclassified_Microbacteriaceae","unclassified_Microbacteriaceae"
"171","Bacteria","Actinobacteriota","Actinobacteria","Frankiales","unclassified_Frankiales","unclassified_Frankiales","unclassified_Frankiales"
"172","Bacteria","Actinobacteriota","Actinobacteria","Micrococcales","Micrococcaceae","Renibacterium","unclassified_Renibacterium"
"173","Bacteria","Actinobacteriota","Actinobacteria","Corynebacteriales","Corynebacteriaceae","Corynebacterium","unclassified_Corynebacterium"
"174","Bacteria","Actinobacteriota","Actinobacteria","Bifidobacteriales","Bifidobacteriaceae","Gardnerella","unclassified_Gardnerella"
"175","Bacteria","Proteobacteria","Gammaproteobacteria","Pasteurellales","Pasteurellaceae","Haemophilus","unclassified_Haemophilus"
"176","Bacteria","Proteobacteria","Alphaproteobacteria","Rhodobacterales","Rhodobacteraceae","Rubellimicrobium","unclassified_Rubellimicrobium"
"177","Bacteria","Proteobacteria","Alphaproteobacteria","Acetobacterales","Acetobacteraceae","Acidiphilium","unclassified_Acidiphilium"
"178","Bacteria","Actinobacteriota","Actinobacteria","unclassified_Actinobacteria","unclassified_Actinobacteria","unclassified_Actinobacteria","unclassified_Actinobacteria"
"179","Bacteria","Actinobacteriota","Thermoleophilia","Solirubrobacterales","Solirubrobacteraceae","Conexibacter","unclassified_Conexibacter"
"180","Bacteria","Actinobacteriota","Actinobacteria","Propionibacteriales","Nocardioidaceae","Marmoricola","unclassified_Marmoricola"
"181","Bacteria","Actinobacteriota","Actinobacteria","Corynebacteriales","Corynebacteriaceae","Corynebacterium","unclassified_Corynebacterium"
"182","Bacteria","Firmicutes","Clostridia","Oscillospirales","Ruminococcaceae","Paludicola","unclassified_Paludicola"
"183","Bacteria","Proteobacteria","Gammaproteobacteria","Enterobacterales","Enterobacteriaceae","unclassified_Enterobacteriaceae","unclassified_Enterobacteriaceae"
"184","Bacteria","Actinobacteriota","Actinobacteria","Kineosporiales","Kineosporiaceae","Kineosporia","unclassified_Kineosporia"
"185","Bacteria","Proteobacteria","Alphaproteobacteria","Rhizobiales","Beijerinckiaceae","unclassified_Beijerinckiaceae","unclassified_Beijerinckiaceae"
"186","Bacteria","Bacteroidota","Bacteroidia","Chitinophagales","Chitinophagaceae","unclassified_Chitinophagaceae","unclassified_Chitinophagaceae"
"187","Bacteria","Proteobacteria","Alphaproteobacteria","Rhizobiales","Rhizobiaceae","unclassified_Rhizobiaceae","unclassified_Rhizobiaceae"
"188","Bacteria","Proteobacteria","Alphaproteobacteria","Sphingomonadales","Sphingomonadaceae","unclassified_Sphingomonadaceae","unclassified_Sphingomonadaceae"
"189","Bacteria","Proteobacteria","Gammaproteobacteria","Enterobacterales","Enterobacteriaceae","unclassified_Enterobacteriaceae","unclassified_Enterobacteriaceae"
"190","Bacteria","Chloroflexi","Chloroflexia","unclassified_Chloroflexia","unclassified_Chloroflexia","unclassified_Chloroflexia","unclassified_Chloroflexia"
"191","Bacteria","Proteobacteria","Alphaproteobacteria","Acetobacterales","Acetobacteraceae","Craurococcus-Caldovatus","unclassified_Craurococcus-Caldovatus"
"192","Bacteria","Firmicutes","Bacilli","unclassified_Bacilli","unclassified_Bacilli","unclassified_Bacilli","unclassified_Bacilli"
"193","Bacteria","Actinobacteriota","Actinobacteria","Micrococcales","Micrococcaceae","Kocuria","unclassified_Kocuria"
"194","Bacteria","Actinobacteriota","Actinobacteria","Frankiales","Geodermatophilaceae","Geodermatophilus","unclassified_Geodermatophilus"
"195","Bacteria","Actinobacteriota","Actinobacteria","Corynebacteriales","Corynebacteriaceae","Corynebacterium","unclassified_Corynebacterium"
"196","Bacteria","Proteobacteria","Alphaproteobacteria","Rhizobiales","Beijerinckiaceae","unclassified_Beijerinckiaceae","unclassified_Beijerinckiaceae"
"197","Bacteria","Proteobacteria","Gammaproteobacteria","Burkholderiales","Comamonadaceae","unclassified_Comamonadaceae","unclassified_Comamonadaceae"
"198","Bacteria","Actinobacteriota","Actinobacteria","Frankiales","Nakamurellaceae","Nakamurella","unclassified_Nakamurella"
"199","Bacteria","Actinobacteriota","Thermoleophilia","Solirubrobacterales","Solirubrobacteraceae","unclassified_Solirubrobacteraceae","unclassified_Solirubrobacteraceae"
"200","Bacteria","unclassified_Bacteria","unclassified_Bacteria","unclassified_Bacteria","unclassified_Bacteria","unclassified_Bacteria","unclassified_Bacteria"
"201","Bacteria","Proteobacteria","Alphaproteobacteria","Sphingomonadales","Sphingomonadaceae","Sphingomonas","unclassified_Sphingomonas"
"202","Bacteria","Bacteroidota","Bacteroidia","Chitinophagales","Chitinophagaceae","unclassified_Chitinophagaceae","unclassified_Chitinophagaceae"
"203","Bacteria","Proteobacteria","Gammaproteobacteria","Enterobacterales","Enterobacteriaceae","unclassified_Enterobacteriaceae","unclassified_Enterobacteriaceae"
"204","Bacteria","Proteobacteria","Gammaproteobacteria","Enterobacterales","Enterobacteriaceae","unclassified_Enterobacteriaceae","unclassified_Enterobacteriaceae"
"205","Bacteria","Firmicutes","Bacilli","Lactobacillales","Enterococcaceae","Enterococcus","unclassified_Enterococcus"
"206","Bacteria","Firmicutes","Bacilli","Staphylococcales","Staphylococcaceae","Staphylococcus","unclassified_Staphylococcus"
"207","Bacteria","unclassified_Bacteria","unclassified_Bacteria","unclassified_Bacteria","unclassified_Bacteria","unclassified_Bacteria","unclassified_Bacteria"
"208","Bacteria","Firmicutes","Bacilli","Lactobacillales","Lactobacillaceae","Lactobacillus","unclassified_Lactobacillus"
"209","Bacteria","Actinobacteriota","Actinobacteria","Micromonosporales","Micromonosporaceae","Actinoplanes","unclassified_Actinoplanes"
"210","Bacteria","Proteobacteria","Alphaproteobacteria","Rhizobiales","Beijerinckiaceae","unclassified_Beijerinckiaceae","unclassified_Beijerinckiaceae"
"211","Bacteria","Proteobacteria","Gammaproteobacteria","Burkholderiales","Comamonadaceae","unclassified_Comamonadaceae","unclassified_Comamonadaceae"
"212","Bacteria","Cyanobacteria","Cyanobacteriia","Cyanobacteriales","unclassified_Cyanobacteriales","unclassified_Cyanobacteriales","unclassified_Cyanobacteriales"
"213","Bacteria","Actinobacteriota","Actinobacteria","Corynebacteriales","Corynebacteriaceae","Lawsonella","unclassified_Lawsonella"
"214","Bacteria","Bacteroidota","Bacteroidia","Bacteroidales","unclassified_Bacteroidales","unclassified_Bacteroidales","unclassified_Bacteroidales"
"215","Bacteria","Firmicutes","Clostridia","unclassified_Clostridia","unclassified_Clostridia","unclassified_Clostridia","unclassified_Clostridia"
"216","Bacteria","Proteobacteria","Gammaproteobacteria","Burkholderiales","Comamonadaceae","unclassified_Comamonadaceae","unclassified_Comamonadaceae"
"217","Bacteria","Proteobacteria","Alphaproteobacteria","Rhodobacterales","Rhodobacteraceae","Amaricoccus","unclassified_Amaricoccus"
"218","Bacteria","Firmicutes","Bacilli","Lactobacillales","Lactobacillaceae","Lactobacillus","unclassified_Lactobacillus"
"219","Bacteria","Bacteroidota","Bacteroidia","Chitinophagales","Chitinophagaceae","Segetibacter","unclassified_Segetibacter"
"220","Bacteria","unclassified_Bacteria","unclassified_Bacteria","unclassified_Bacteria","unclassified_Bacteria","unclassified_Bacteria","unclassified_Bacteria"
"221","Bacteria","Actinobacteriota","Actinobacteria","Corynebacteriales","Corynebacteriaceae","Corynebacterium","unclassified_Corynebacterium"
"222","Bacteria","Firmicutes","Clostridia","Oscillospirales","unclassified_Oscillospirales","unclassified_Oscillospirales","unclassified_Oscillospirales"
"223","Bacteria","Firmicutes","Bacilli","Staphylococcales","Staphylococcaceae","Staphylococcus","unclassified_Staphylococcus"
"224","Bacteria","Spirochaetota","Spirochaetia","Spirochaetales","Spirochaetaceae","unclassified_Spirochaetaceae","unclassified_Spirochaetaceae"
"225","Bacteria","Proteobacteria","Alphaproteobacteria","Rickettsiales","Mitochondria","unclassified_Mitochondria","unclassified_Mitochondria"
"226","Bacteria","Actinobacteriota","Actinobacteria","Micrococcales","Brevibacteriaceae","Brevibacterium","unclassified_Brevibacterium"
"227","Bacteria","Firmicutes","Bacilli","unclassified_Bacilli","unclassified_Bacilli","unclassified_Bacilli","unclassified_Bacilli"
"228","Bacteria","Chloroflexi","Chloroflexia","Thermomicrobiales","JG30-KF-CM45","unclassified_JG30-KF-CM45","unclassified_JG30-KF-CM45"
"229","Bacteria","Actinobacteriota","Thermoleophilia","Solirubrobacterales","Solirubrobacteraceae","unclassified_Solirubrobacteraceae","unclassified_Solirubrobacteraceae"
"230","Bacteria","Firmicutes","Bacilli","Bacillales","unclassified_Bacillales","unclassified_Bacillales","unclassified_Bacillales"
"231","Bacteria","Firmicutes","Bacilli","Lactobacillales","Lactobacillaceae","Lactobacillus","unclassified_Lactobacillus"
"232","Bacteria","Proteobacteria","Alphaproteobacteria","Acetobacterales","Acetobacteraceae","Craurococcus-Caldovatus","unclassified_Craurococcus-Caldovatus"
"233","Bacteria","Myxococcota","Polyangia","Polyangiales","Polyangiaceae","Pajaroellobacter","unclassified_Pajaroellobacter"
"234","Bacteria","Proteobacteria","Alphaproteobacteria","Acetobacterales","Acetobacteraceae","Roseomonas","unclassified_Roseomonas"
"235","Bacteria","Firmicutes","Bacilli","Lactobacillales","unclassified_Lactobacillales","unclassified_Lactobacillales","unclassified_Lactobacillales"
"236","Bacteria","Firmicutes","Bacilli","Lactobacillales","Lactobacillaceae","Lactobacillus","unclassified_Lactobacillus"
"237","Bacteria","unclassified_Bacteria","unclassified_Bacteria","unclassified_Bacteria","unclassified_Bacteria","unclassified_Bacteria","unclassified_Bacteria"
"238","Bacteria","Proteobacteria","Alphaproteobacteria","Rhodobacterales","Rhodobacteraceae","Paracoccus","unclassified_Paracoccus"
"239","Bacteria","unclassified_Bacteria","unclassified_Bacteria","unclassified_Bacteria","unclassified_Bacteria","unclassified_Bacteria","unclassified_Bacteria"
"240","Bacteria","unclassified_Bacteria","unclassified_Bacteria","unclassified_Bacteria","unclassified_Bacteria","unclassified_Bacteria","unclassified_Bacteria"
"241","Bacteria","Proteobacteria","Alphaproteobacteria","Caulobacterales","Caulobacteraceae","Brevundimonas","unclassified_Brevundimonas"
"242","Bacteria","Proteobacteria","Gammaproteobacteria","Pseudomonadales","Moraxellaceae","Psychrobacter","unclassified_Psychrobacter"
"243","Bacteria","Firmicutes","Bacilli","Bacillales","Bacillaceae","Bacillus","unclassified_Bacillus"
"244","Bacteria","Actinobacteriota","Actinobacteria","Corynebacteriales","Nocardiaceae","Gordonia","unclassified_Gordonia"
"245","Bacteria","Actinobacteriota","Actinobacteria","Micrococcales","Brevibacteriaceae","Brevibacterium","unclassified_Brevibacterium"
"246","Bacteria","Proteobacteria","Gammaproteobacteria","Xanthomonadales","Xanthomonadaceae","Luteimonas","unclassified_Luteimonas"
"247","Bacteria","Proteobacteria","Gammaproteobacteria","Burkholderiales","Oxalobacteraceae","unclassified_Oxalobacteraceae","unclassified_Oxalobacteraceae"
"248","Bacteria","Actinobacteriota","Acidimicrobiia","Microtrichales","Iamiaceae","Iamia","unclassified_Iamia"
"249","Bacteria","Firmicutes","Bacilli","Lactobacillales","Lactobacillaceae","Lactobacillus","unclassified_Lactobacillus"
"250","Bacteria","Bacteroidota","Bacteroidia","Flavobacteriales","Weeksellaceae","Chryseobacterium","unclassified_Chryseobacterium"
"251","Bacteria","Firmicutes","Bacilli","Staphylococcales","Staphylococcaceae","Staphylococcus","unclassified_Staphylococcus"
"252","Bacteria","Actinobacteriota","Actinobacteria","Bifidobacteriales","Bifidobacteriaceae","Gardnerella","unclassified_Gardnerella"
"253","Bacteria","unclassified_Bacteria","unclassified_Bacteria","unclassified_Bacteria","unclassified_Bacteria","unclassified_Bacteria","unclassified_Bacteria"
"254","Bacteria","unclassified_Bacteria","unclassified_Bacteria","unclassified_Bacteria","unclassified_Bacteria","unclassified_Bacteria","unclassified_Bacteria"
"255","Bacteria","Actinobacteriota","Actinobacteria","Micrococcales","unclassified_Micrococcales","unclassified_Micrococcales","unclassified_Micrococcales"
"256","Bacteria","Proteobacteria","Alphaproteobacteria","unclassified_Alphaproteobacteria","unclassified_Alphaproteobacteria","unclassified_Alphaproteobacteria","unclassified_Alphaproteobacteria"
"257","Bacteria","Actinobacteriota","Actinobacteria","Corynebacteriales","Mycobacteriaceae","Mycobacterium","unclassified_Mycobacterium"
"258","Bacteria","Proteobacteria","Gammaproteobacteria","Pseudomonadales","Moraxellaceae","Psychrobacter","unclassified_Psychrobacter"
"259","Bacteria","unclassified_Bacteria","unclassified_Bacteria","unclassified_Bacteria","unclassified_Bacteria","unclassified_Bacteria","unclassified_Bacteria"
"260","Bacteria","Proteobacteria","Gammaproteobacteria","Burkholderiales","Neisseriaceae","Neisseria","unclassified_Neisseria"
"261","Bacteria","Firmicutes","Bacilli","Lactobacillales","Streptococcaceae","Streptococcus","unclassified_Streptococcus"
"262","Bacteria","Proteobacteria","Alphaproteobacteria","Rhizobiales","Xanthobacteraceae","Xanthobacter","unclassified_Xanthobacter"
"263","Bacteria","Firmicutes","Bacilli","Bacillales","Bacillaceae","Bacillus","unclassified_Bacillus"
"264","Bacteria","Proteobacteria","Gammaproteobacteria","unclassified_Gammaproteobacteria","unclassified_Gammaproteobacteria","unclassified_Gammaproteobacteria","unclassified_Gammaproteobacteria"
"265","Bacteria","Bacteroidota","Bacteroidia","Chitinophagales","Chitinophagaceae","Pseudoflavitalea","unclassified_Pseudoflavitalea"
"266","Bacteria","Firmicutes","Bacilli","unclassified_Bacilli","unclassified_Bacilli","unclassified_Bacilli","unclassified_Bacilli"
"267","Bacteria","Proteobacteria","Gammaproteobacteria","Pasteurellales","Pasteurellaceae","Haemophilus","unclassified_Haemophilus"
"268","Bacteria","unclassified_Bacteria","unclassified_Bacteria","unclassified_Bacteria","unclassified_Bacteria","unclassified_Bacteria","unclassified_Bacteria"
"269","Bacteria","Proteobacteria","Alphaproteobacteria","Rhizobiales","Rhizobiaceae","unclassified_Rhizobiaceae","unclassified_Rhizobiaceae"
"270","Bacteria","Firmicutes","Bacilli","Lactobacillales","Streptococcaceae","Streptococcus","unclassified_Streptococcus"
"271","Bacteria","unclassified_Bacteria","unclassified_Bacteria","unclassified_Bacteria","unclassified_Bacteria","unclassified_Bacteria","unclassified_Bacteria"
"272","Bacteria","Firmicutes","Bacilli","Staphylococcales","Staphylococcaceae","Staphylococcus","unclassified_Staphylococcus"
